Rk,Player,Pos,Age,Tm,G,GS,MP,FG,FGA,FG%,3P,3PA,3P%,2P,2PA,2P%,eFG%,FT,FTA,FT%,ORB,DRB,TRB,AST,STL,BLK,TOV,PF,PTS
1,Joel Embiid,C,28,PHI,66,66,34.6,11,20.1,0.548,1,3,0.33,10,17.1,0.587,0.573,10,11.7,0.857,1.7,8.4,10.2,4.2,1,1.7,3.4,3.1,33.1
2,Luka Dončić,PG,23,DAL,66,66,36.2,10.9,22,0.496,2.8,8.2,0.342,8.1,13.8,0.588,0.56,7.8,10.5,0.742,0.8,7.8,8.6,8,1.4,0.5,3.6,2.5,32.4
3,Damian Lillard,PG,32,POR,58,58,36.3,9.6,20.7,0.463,4.2,11.3,0.371,5.4,9.4,0.574,0.564,8.8,9.6,0.914,0.8,4,4.8,7.3,0.9,0.3,3.3,1.9,32.2
4,Shai Gilgeous-Alexander,PG,24,OKC,68,68,35.5,10.4,20.3,0.51,0.9,2.5,0.345,9.5,17.8,0.533,0.531,9.8,10.9,0.905,0.9,4,4.8,5.5,1.6,1,2.8,2.8,31.4
5,Giannis Antetokounmpo,PF,28,MIL,63,63,32.1,11.2,20.3,0.553,0.7,2.7,0.275,10.5,17.6,0.596,0.572,7.9,12.3,0.645,2.2,9.6,11.8,5.7,0.8,0.8,3.9,3.1,31.1
6,Jayson Tatum,SF,24,BOS,74,74,36.9,9.8,21.1,0.466,3.2,9.3,0.35,6.6,11.8,0.558,0.543,7.2,8.4,0.854,1.1,7.7,8.8,4.6,1.1,0.7,2.9,2.2,30.1
7,Donovan Mitchell,SG,26,CLE,68,68,35.8,10,20.6,0.484,3.6,9.3,0.386,6.4,11.3,0.566,0.572,4.7,5.4,0.867,0.9,3.3,4.3,4.4,1.5,0.4,2.6,2.5,28.3
8,Kyrie Irving,PG-SG,30,TOT,60,60,37.4,9.9,20.1,0.494,3.1,8.3,0.379,6.8,11.8,0.574,0.572,4.1,4.6,0.905,1,4.1,5.1,5.5,1.1,0.8,2.1,2.8,27.1
9,Jaylen Brown,SF,26,BOS,67,67,35.9,10.1,20.6,0.491,2.4,7.3,0.335,7.7,13.4,0.576,0.55,3.9,5.1,0.765,1.2,5.7,6.9,3.5,1.1,0.4,2.9,2.6,26.6
10,Ja Morant,PG,23,MEM,61,59,31.9,9.3,19.9,0.466,1.5,4.9,0.307,7.8,15,0.519,0.504,6.1,8.1,0.748,1,4.9,5.9,8.1,1.1,0.3,3.4,1.6,26.2
11,Trae Young,PG,24,ATL,73,73,34.8,8.2,19,0.429,2.1,6.3,0.335,6.1,12.7,0.476,0.485,7.8,8.8,0.886,0.8,2.2,3,10.2,1.1,0.1,4.1,1.4,26.2
12,Lauri Markkanen,PF,25,UTA,66,66,34.4,8.7,17.3,0.499,3,7.7,0.391,5.6,9.6,0.585,0.586,5.3,6,0.875,2,6.7,8.6,1.9,0.6,0.6,1.9,2.1,25.6
13,Julius Randle,PF,28,NYK,77,77,35.5,8.5,18.6,0.459,2.8,8.3,0.343,5.7,10.3,0.553,0.536,5.2,6.9,0.757,1.8,8.1,10,4.1,0.6,0.3,2.8,3,25.1
14,De'Aaron Fox,PG,25,SAC,73,73,33.4,9.3,18.2,0.512,1.6,5,0.324,7.7,13.2,0.584,0.557,4.7,6,0.78,0.5,3.6,4.2,6.1,1.1,0.3,2.5,2.4,25
15,Zach LaVine,SG,27,CHI,77,77,35.9,8.7,18,0.485,2.6,7.1,0.375,6.1,11,0.556,0.558,4.7,5.6,0.848,0.5,3.9,4.5,4.2,0.9,0.2,2.5,2.1,24.8
16,Anthony Edwards,SG,21,MIN,79,79,36,8.9,19.5,0.459,2.7,7.3,0.369,6.3,12.2,0.513,0.528,4,5.3,0.756,0.6,5.2,5.8,4.4,1.6,0.7,3.3,2.4,24.6
17,DeMar DeRozan,SF,33,CHI,74,74,36.2,8.9,17.6,0.504,0.6,1.9,0.324,8.3,15.7,0.526,0.522,6.2,7.1,0.872,0.5,4.2,4.6,5.1,1.1,0.5,2.1,2.5,24.5
18,Nikola Jokić,C,27,DEN,69,69,33.7,9.4,14.8,0.632,0.8,2.2,0.383,8.5,12.7,0.675,0.66,4.9,6,0.822,2.4,9.4,11.8,9.8,1.3,0.7,3.6,2.5,24.5
19,Pascal Siakam,PF,28,TOR,71,71,37.4,8.9,18.5,0.48,1.3,4,0.324,7.6,14.5,0.523,0.515,5.2,6.7,0.774,1.8,6,7.8,5.8,0.9,0.5,2.4,3.2,24.2
20,Jalen Brunson,PG,26,NYK,68,68,35,8.6,17.6,0.491,2,4.7,0.416,6.7,12.8,0.519,0.547,4.8,5.8,0.829,0.6,3,3.5,6.2,0.9,0.2,2.1,2.2,24
21,Kristaps Porziņģis,C,27,WAS,65,65,32.6,7.8,15.7,0.498,2.1,5.5,0.385,5.7,10.2,0.559,0.565,5.4,6.4,0.851,1.8,6.6,8.4,2.7,0.9,1.5,2.1,3,23.2
22,Jimmy Butler,PF,33,MIA,64,64,33.4,7.5,13.9,0.539,0.6,1.6,0.35,6.9,12.3,0.564,0.56,7.4,8.7,0.85,2.2,3.7,5.9,5.3,1.8,0.3,1.6,1.3,22.9
23,Jalen Green,SG,20,HOU,76,76,34.2,7.4,17.9,0.416,2.5,7.3,0.338,5,10.6,0.471,0.485,4.8,6.1,0.786,0.6,3.2,3.7,3.7,0.8,0.2,2.6,1.7,22.1
24,Keldon Johnson,SF,23,SAS,63,63,32.7,8,17.7,0.452,2.1,6.5,0.329,5.9,11.2,0.523,0.512,3.9,5.2,0.749,0.9,4.2,5,2.9,0.7,0.2,2.1,2,22
25,Klay Thompson,SF,32,GSW,69,69,33,7.9,18.1,0.436,4.4,10.6,0.412,3.6,7.6,0.47,0.556,1.7,1.9,0.879,0.6,3.6,4.1,2.4,0.7,0.4,1.8,1.9,21.9
26,Bojan Bogdanović,PF,33,DET,59,59,32.1,7.3,14.9,0.488,2.5,6,0.411,4.8,9,0.539,0.57,4.5,5.1,0.884,0.6,3.2,3.8,2.6,0.6,0.1,2.3,1.9,21.6
27,Darius Garland,PG,23,CLE,69,69,35.5,7.6,16.4,0.462,2.4,6,0.41,5.1,10.4,0.492,0.537,4,4.7,0.863,0.4,2.3,2.7,7.8,1.2,0.1,2.9,2.1,21.6
28,Desmond Bane,SG,24,MEM,58,58,31.7,7.8,16.2,0.479,2.9,7,0.408,4.9,9.2,0.534,0.568,3.1,3.5,0.883,0.7,4.3,5,4.4,1,0.4,2.2,2.6,21.5
29,Kyle Kuzma,PF,27,WAS,64,64,35,8,17.8,0.448,2.5,7.5,0.333,5.5,10.3,0.533,0.518,2.7,3.7,0.73,0.9,6.4,7.2,3.7,0.6,0.5,3,2.3,21.2
30,Terry Rozier,SG,28,CHO,63,63,35.3,7.8,18.9,0.415,2.6,8,0.327,5.2,10.8,0.48,0.484,2.8,3.5,0.809,0.8,3.3,4.1,5.1,1.2,0.3,2.1,1.9,21.1
31,Anfernee Simons,SG,23,POR,62,62,35,7.5,16.9,0.447,3.4,9.1,0.377,4.1,7.8,0.528,0.548,2.6,2.9,0.894,0.3,2.3,2.6,4.1,0.7,0.2,2.1,2.3,21.1
32,James Harden,PG,33,PHI,58,58,36.8,6.4,14.5,0.441,2.8,7.2,0.385,3.6,7.3,0.495,0.536,5.4,6.2,0.867,0.7,5.4,6.1,10.7,1.2,0.5,3.4,1.9,21
33,CJ McCollum,PG,31,NOP,75,75,35.3,7.8,17.9,0.437,2.8,7.2,0.389,5,10.7,0.469,0.515,2.4,3.2,0.769,0.7,3.6,4.4,5.7,0.9,0.5,2.4,2,20.9
34,Jordan Clarkson,SG,30,UTA,61,61,32.6,7.5,16.9,0.444,2.5,7.5,0.338,5,9.4,0.53,0.519,3.3,4,0.816,1.2,2.9,4,4.4,0.5,0.2,3,2,20.8
35,Jerami Grant,PF,28,POR,63,63,35.7,6.9,14.5,0.475,2.3,5.7,0.401,4.6,8.8,0.523,0.554,4.4,5.4,0.813,0.8,3.7,4.5,2.4,0.8,0.8,1.8,2.4,20.5
36,Dejounte Murray,SG,26,ATL,74,74,36.4,8.3,17.8,0.464,1.8,5.2,0.344,6.5,12.6,0.514,0.514,2.1,2.6,0.832,0.7,4.5,5.3,6.1,1.5,0.3,2.2,1.4,20.5
37,Bam Adebayo,C,25,MIA,75,75,34.6,8,14.9,0.54,0,0.2,0.083,8,14.7,0.545,0.541,4.3,5.4,0.806,2.5,6.7,9.2,3.2,1.2,0.8,2.5,2.8,20.4
38,Jordan Poole,PG,23,GSW,82,43,30,6.7,15.6,0.43,2.6,7.8,0.336,4.1,7.8,0.524,0.514,4.4,5.1,0.87,0.4,2.4,2.7,4.5,0.8,0.3,3.1,2.6,20.4
39,Tyrese Maxey,SG,22,PHI,60,41,33.6,7.3,15.2,0.481,2.7,6.2,0.434,4.7,9.1,0.513,0.568,3,3.6,0.845,0.4,2.6,2.9,3.5,0.8,0.1,1.3,2.2,20.3
40,Mikal Bridges,SF-SG,26,TOT,83,83,35.7,7.1,15.3,0.468,2,5.3,0.382,5.1,9.9,0.514,0.535,3.8,4.3,0.895,1,3.4,4.4,3.3,1.1,0.7,1.5,1.9,20.1
41,Tyler Herro,SG,23,MIA,67,67,34.9,7.3,16.6,0.439,3,8,0.378,4.2,8.5,0.497,0.531,2.5,2.7,0.934,0.4,5,5.4,4.2,0.8,0.2,2.4,1.5,20.1
42,Paolo Banchero,PF,20,ORL,72,72,33.8,6.7,15.6,0.427,1.2,4,0.298,5.5,11.6,0.471,0.465,5.5,7.4,0.738,1.2,5.7,6.9,3.7,0.8,0.5,2.8,2.2,20
43,Jamal Murray,PG,25,DEN,65,65,32.8,7.3,16,0.454,2.6,6.6,0.398,4.6,9.4,0.494,0.537,2.8,3.3,0.833,0.7,3.2,4,6.2,1,0.2,2.2,1.6,20
44,RJ Barrett,SG,22,NYK,73,73,33.9,7,16.1,0.434,1.7,5.3,0.31,5.3,10.8,0.495,0.485,4,5.4,0.74,0.8,4.2,5,2.8,0.4,0.2,2.2,2.5,19.6
45,Jrue Holiday,PG,32,MIL,67,65,32.6,7.3,15.3,0.479,2.4,6.1,0.384,5,9.1,0.542,0.556,2.3,2.6,0.859,1.2,3.9,5.1,7.4,1.2,0.4,2.9,1.7,19.3
46,Fred VanVleet,PG,28,TOR,69,69,36.7,6.3,16.1,0.393,3,8.8,0.342,3.3,7.3,0.455,0.486,3.7,4.1,0.898,0.4,3.6,4.1,7.2,1.8,0.6,2,2.8,19.3
47,Kevin Porter Jr.,PG,22,HOU,59,59,34.3,6.6,15,0.442,2.4,6.5,0.366,4.2,8.5,0.501,0.522,3.5,4.5,0.784,1.3,4,5.3,5.7,1.4,0.3,3.2,2.6,19.2
48,Domantas Sabonis,C,26,SAC,79,79,34.6,7.3,11.9,0.615,0.4,1.1,0.373,6.9,10.8,0.639,0.632,4.1,5.5,0.742,3.2,9.1,12.3,7.3,0.8,0.5,2.9,3.5,19.1
49,Jaren Jackson Jr.,C,23,MEM,63,63,28.4,6.6,13,0.506,1.6,4.5,0.355,5,8.6,0.585,0.567,3.8,4.9,0.788,1.7,5,6.8,1,1,3,1.7,3.6,18.6
50,Franz Wagner,SF,21,ORL,80,80,32.6,6.8,14,0.485,1.6,4.5,0.361,5.2,9.5,0.544,0.543,3.4,4,0.842,0.9,3.2,4.1,3.5,1,0.2,2.1,2.3,18.6
51,Deandre Ayton,C,24,PHO,67,67,30.4,7.8,13.2,0.589,0.1,0.4,0.292,7.7,12.9,0.597,0.592,2.3,3,0.76,2.6,7.4,10,1.7,0.6,0.8,1.8,2.8,18
52,Myles Turner,C,26,IND,62,62,29.4,6.5,11.8,0.548,1.5,4,0.373,5,7.8,0.638,0.612,3.5,4.5,0.783,1.4,6.1,7.5,1.4,0.6,2.3,1.7,3.5,18
53,D'Angelo Russell,PG,26,TOT,71,71,32.5,6.3,13.4,0.469,2.7,6.9,0.396,3.5,6.5,0.548,0.572,2.5,3,0.829,0.5,2.5,3,6.2,1,0.4,2.6,2,17.8
54,Nikola Vučević,C,32,CHI,82,82,33.5,7.3,14,0.52,1.5,4.2,0.349,5.8,9.8,0.594,0.573,1.6,1.9,0.835,1.9,9.1,11,3.2,0.7,0.7,1.7,2.2,17.6
55,Michael Porter Jr.,SF,24,DEN,62,62,29,6.4,13.2,0.487,3,7.3,0.414,3.4,5.9,0.579,0.602,1.5,1.9,0.8,1,4.5,5.5,1,0.6,0.5,1.1,1.9,17.4
56,Gary Trent Jr.,SG,24,TOR,66,44,32.1,6.1,14.2,0.433,2.5,6.8,0.369,3.6,7.3,0.493,0.522,2.6,3.1,0.839,0.5,2.2,2.6,1.6,1.6,0.2,0.8,1.5,17.4
57,Spencer Dinwiddie,SG-PG,29,TOT,79,79,34.5,5.8,13.3,0.438,2.3,6.2,0.369,3.5,7.1,0.498,0.524,3.4,4.2,0.812,0.4,3.1,3.4,6.5,0.8,0.3,1.8,2.4,17.3
58,Norman Powell,SG,29,LAC,60,8,26.1,5.7,11.8,0.479,1.9,4.8,0.397,3.8,7.1,0.534,0.559,3.8,4.6,0.812,0.4,2.5,2.9,1.8,0.8,0.3,1.7,2.1,17
59,OG Anunoby,SF,25,TOR,67,67,35.6,6.3,13.2,0.476,2.1,5.5,0.387,4.2,7.7,0.539,0.556,2.1,2.5,0.838,1.4,3.5,5,2,1.9,0.7,2,3,16.8
60,Buddy Hield,SF,30,IND,80,73,31,5.9,13,0.458,3.6,8.5,0.425,2.3,4.5,0.518,0.596,1.3,1.6,0.822,0.8,4.2,5,2.8,1.2,0.3,1.7,2,16.8
61,Bennedict Mathurin,SG,20,IND,78,17,28.5,5.3,12.2,0.434,1.3,4,0.323,4,8.2,0.488,0.487,4.8,5.8,0.828,1.1,3,4.1,1.5,0.6,0.2,1.9,2.1,16.7
62,Josh Giddey,PF,20,OKC,76,76,31.1,7.1,14.7,0.482,1,3.1,0.325,6.1,11.6,0.524,0.516,1.4,1.9,0.731,1.9,5.9,7.9,6.2,0.8,0.4,2.8,1.9,16.6
63,Christian Wood,C,27,DAL,67,17,25.9,5.9,11.5,0.515,1.6,4.2,0.376,4.3,7.3,0.594,0.583,3.2,4.2,0.772,1.3,6,7.3,1.8,0.4,1.1,1.8,2.5,16.6
64,Aaron Gordon,PF,27,DEN,68,68,30.2,6.3,11.2,0.564,0.9,2.5,0.347,5.4,8.6,0.628,0.603,2.8,4.6,0.608,2.4,4.1,6.6,3,0.8,0.8,1.4,1.9,16.3
65,Jaden Ivey,SG,20,DET,74,73,31.1,5.5,13.3,0.416,1.6,4.7,0.343,3.9,8.6,0.457,0.477,3.6,4.8,0.747,1,2.9,3.9,5.2,0.8,0.2,3.2,3.3,16.3
66,Evan Mobley,PF,21,CLE,79,79,34.4,6.6,12,0.554,0.3,1.3,0.216,6.4,10.7,0.595,0.566,2.6,3.8,0.674,2.4,6.6,9,2.8,0.8,1.5,1.8,2.8,16.2
67,Brook Lopez,C,34,MIL,78,78,30.4,6.1,11.5,0.531,1.7,4.7,0.374,4.4,6.9,0.637,0.606,1.9,2.4,0.784,2,4.7,6.7,1.3,0.5,2.5,1.4,2.6,15.9
68,Russell Westbrook,PG,34,TOT,73,24,29.1,5.9,13.6,0.436,1.2,3.9,0.311,4.7,9.7,0.487,0.481,2.8,4.3,0.656,1.2,4.6,5.8,7.5,1,0.5,3.5,2.2,15.9
69,P.J. Washington,PF,24,CHO,73,73,32.6,5.9,13.4,0.444,2,5.9,0.348,3.9,7.5,0.518,0.52,1.7,2.4,0.73,1,3.9,4.9,2.4,0.9,1.1,1.5,2.6,15.7
70,De'Andre Hunter,SF,25,ATL,67,67,31.7,5.7,12.3,0.461,1.5,4.3,0.35,4.2,8,0.521,0.522,2.6,3.1,0.826,0.7,3.6,4.2,1.4,0.5,0.3,1.2,3,15.4
71,Scottie Barnes,SF,21,TOR,77,76,34.8,6,13.2,0.456,0.8,2.9,0.281,5.2,10.3,0.505,0.487,2.5,3.2,0.772,2.3,4.3,6.6,4.8,1.1,0.8,2,2.2,15.3
72,Kevin Huerter,SG,24,SAC,75,75,29.4,5.6,11.5,0.485,2.7,6.8,0.402,2.9,4.7,0.604,0.603,1.3,1.7,0.725,0.6,2.8,3.3,2.9,1.1,0.3,1.3,2.4,15.2
73,Harrison Barnes,PF,30,SAC,82,82,32.5,4.6,9.6,0.473,1.6,4.3,0.374,3,5.3,0.553,0.556,4.3,5,0.847,1.1,3.4,4.5,1.6,0.7,0.1,1,1.3,15
74,Malcolm Brogdon,PG,30,BOS,67,0,26,5.3,10.9,0.484,2,4.4,0.444,3.3,6.5,0.51,0.574,2.4,2.7,0.87,0.6,3.6,4.2,3.7,0.7,0.3,1.5,1.6,14.9
75,Immanuel Quickley,SG,23,NYK,81,21,28.9,5.2,11.6,0.448,2.1,5.6,0.37,3.1,6,0.521,0.537,2.5,3.1,0.819,0.7,3.4,4.2,3.4,1,0.2,1.2,2,14.9
76,Alperen Sengun,C,20,HOU,75,72,28.9,5.9,10.7,0.553,0.3,0.8,0.333,5.6,9.9,0.57,0.565,2.7,3.8,0.715,3.2,5.8,9,3.9,0.9,0.9,2.6,3.4,14.8
77,Tobias Harris,SF,30,PHI,74,74,32.9,5.7,11.4,0.501,1.7,4.4,0.389,4,7,0.57,0.575,1.5,1.7,0.876,0.9,4.8,5.7,2.5,0.9,0.5,1.2,2,14.7
78,Trey Murphy III,SF,22,NOP,79,65,31,4.9,10.1,0.484,2.6,6.3,0.406,2.3,3.8,0.611,0.61,2.2,2.4,0.905,0.7,2.8,3.6,1.4,1.1,0.5,0.8,2,14.5
79,Tim Hardaway Jr.,SF,30,DAL,71,45,30.3,4.8,11.9,0.401,3,7.7,0.385,1.8,4.2,0.431,0.527,1.8,2.3,0.77,0.3,3.2,3.5,1.8,0.7,0.2,0.8,1.7,14.4
80,Jarrett Allen,C,24,CLE,68,68,32.6,5.9,9.2,0.644,0,0.1,0.1,5.9,9.1,0.653,0.645,2.4,3.3,0.733,3.3,6.5,9.8,1.7,0.8,1.2,1.4,2.3,14.3
81,Dillon Brooks,SF,27,MEM,73,73,30.3,5.4,13.6,0.396,2,6,0.326,3.4,7.6,0.451,0.468,1.6,2.1,0.779,0.6,2.7,3.3,2.6,0.9,0.2,1.4,3.3,14.3
82,Bobby Portis,PF,27,MIL,70,22,26,5.7,11.5,0.496,1.4,3.7,0.37,4.3,7.8,0.555,0.555,1.4,1.8,0.768,2.2,7.4,9.6,1.5,0.4,0.2,1.2,1.6,14.1
83,Jonas Valančiūnas,C,30,NOP,79,79,24.9,5.6,10.3,0.547,0.5,1.4,0.349,5.2,8.9,0.577,0.57,2.3,2.8,0.826,2.8,7.3,10.2,1.8,0.3,0.7,2,3.1,14.1
84,Jalen Williams,SG,21,OKC,75,62,30.3,5.5,10.6,0.521,1,2.7,0.356,4.5,7.9,0.579,0.567,2.1,2.5,0.812,1.1,3.4,4.5,3.3,1.4,0.5,1.6,2.5,14.1
85,Markelle Fultz,PG,24,ORL,60,60,29.6,5.8,11.3,0.514,0.5,1.5,0.31,5.4,9.9,0.544,0.534,1.9,2.4,0.783,1.2,2.8,3.9,5.7,1.5,0.4,2.3,2.2,14
86,Chris Paul,PG,37,PHO,59,59,32,5,11.3,0.44,1.7,4.4,0.375,3.3,6.9,0.482,0.513,2.3,2.7,0.831,0.5,3.8,4.3,8.9,1.5,0.4,1.9,2.1,13.9
87,Saddiq Bey,SF,23,TOT,77,37,27.6,4.6,10.9,0.422,2,5.4,0.361,2.6,5.4,0.483,0.513,2.7,3.1,0.861,1.3,3.4,4.7,1.5,0.9,0.2,0.9,1.6,13.8
88,Luguentz Dort,SF,23,OKC,74,73,30.7,4.6,11.8,0.388,1.8,5.5,0.33,2.8,6.3,0.44,0.466,2.7,3.5,0.772,1.7,2.9,4.6,2.1,1,0.3,1.2,3.3,13.7
89,Malik Monk,SG,24,SAC,77,0,22.3,4.6,10.3,0.448,1.9,5.2,0.359,2.8,5.2,0.538,0.538,2.4,2.7,0.889,0.4,2.2,2.6,3.9,0.6,0.3,1.9,1.6,13.5
90,Rudy Gobert,C,30,MIN,70,70,30.7,5.1,7.8,0.659,0,0,0,5.1,7.8,0.663,0.659,3.1,4.9,0.644,3.3,8.3,11.6,1.2,0.8,1.4,1.7,3,13.4
91,John Collins,PF,25,ATL,71,71,30,5.1,10,0.508,1,3.4,0.292,4.1,6.6,0.619,0.557,2,2.5,0.803,1.1,5.4,6.5,1.2,0.6,1,1.1,3.1,13.1
92,Cole Anthony,PG,22,ORL,60,4,25.9,4.6,10.2,0.454,1.3,3.4,0.364,3.4,6.7,0.5,0.516,2.5,2.8,0.894,0.8,4,4.8,3.9,0.6,0.5,1.5,2.6,13
93,Austin Reaves,SG,24,LAL,64,22,28.8,4,7.7,0.529,1.3,3.4,0.398,2.7,4.3,0.631,0.616,3.6,4.1,0.864,0.5,2.5,3,3.4,0.5,0.3,1.5,1.7,13
94,Tre Jones,PG,23,SAS,68,65,29.2,5,10.9,0.459,0.7,2.3,0.285,4.4,8.6,0.506,0.489,2.2,2.5,0.86,0.8,2.8,3.6,6.6,1.3,0.1,1.6,1.4,12.9
95,Jabari Smith Jr.,PF,19,HOU,79,79,31,4.6,11.3,0.408,1.5,4.9,0.307,3.1,6.3,0.487,0.475,2.1,2.6,0.786,1.5,5.7,7.2,1.3,0.5,0.9,1.3,2.9,12.8
96,Malik Beasley,SG,26,TOT,81,27,25.8,4.6,11.6,0.395,2.9,8.1,0.357,1.7,3.4,0.484,0.52,0.6,0.8,0.769,0.4,3.1,3.5,1.5,0.8,0.1,1.1,1.3,12.7
97,KJ Martin,SF,22,HOU,82,49,28,5,8.8,0.569,0.8,2.6,0.315,4.2,6.1,0.679,0.617,1.8,2.7,0.68,1.5,4,5.5,1.5,0.5,0.4,1.1,1.8,12.7
98,Nic Claxton,C,23,BRK,76,76,29.9,5.4,7.7,0.705,0,0,0,5.4,7.7,0.708,0.705,1.8,3.2,0.541,2.4,6.8,9.2,1.9,0.9,2.5,1.3,2.8,12.6
99,Dennis Schröder,PG,29,LAL,66,50,30.1,4.1,9.8,0.415,1.1,3.4,0.329,3,6.4,0.461,0.472,3.3,3.8,0.857,0.3,2.2,2.5,4.5,0.8,0.2,1.7,2.2,12.6
100,Kelly Olynyk,C,31,UTA,68,68,28.6,4.1,8.2,0.499,1.4,3.5,0.394,2.7,4.7,0.576,0.583,2.9,3.4,0.853,1.2,5,6.2,3.7,0.9,0.5,2.5,3.4,12.5
101,Jakob Poeltl,C,27,TOT,72,71,26.5,5.4,8.6,0.629,0,0,0,5.4,8.6,0.63,0.629,1.7,2.8,0.592,3.3,5.8,9.1,2.7,0.9,1.2,1.7,2.7,12.5
102,Eric Gordon,SG,34,TOT,69,58,28.5,4.2,9.5,0.446,1.9,5.2,0.371,2.3,4.3,0.535,0.547,2.1,2.5,0.821,0.2,1.7,1.9,2.7,0.6,0.4,1.5,1.1,12.4
103,Derrick White,SG,28,BOS,82,70,28.3,4.3,9.2,0.462,1.8,4.8,0.381,2.5,4.5,0.548,0.56,2,2.3,0.875,0.6,2.9,3.6,3.9,0.7,0.9,1.2,2.2,12.4
104,Keegan Murray,SF,22,SAC,80,78,29.8,4.4,9.8,0.453,2.6,6.3,0.411,1.9,3.5,0.527,0.584,0.8,1,0.765,1.1,3.5,4.6,1.2,0.8,0.5,0.8,2,12.2
105,Caris LeVert,SG,28,CLE,74,30,30.2,4.3,10,0.431,1.7,4.4,0.392,2.6,5.6,0.462,0.517,1.8,2.4,0.722,0.7,3.1,3.8,3.9,1,0.3,1.6,2.3,12.1
106,Jaden McDaniels,SF,22,MIN,79,79,30.6,4.7,9.1,0.517,1.4,3.4,0.398,3.3,5.7,0.588,0.591,1.3,1.8,0.736,1.2,2.7,3.9,1.9,0.9,1,1.4,3.4,12.1
107,Clint Capela,C,28,ATL,65,63,26.6,5.4,8.2,0.653,0,0,0,5.4,8.2,0.654,0.653,1.2,2,0.603,4,7.1,11,0.9,0.7,1.2,0.8,2.1,12
108,Mike Conley,PG,35,TOT,67,66,30.3,3.9,9.1,0.428,2,5.2,0.385,1.9,3.9,0.486,0.539,2.1,2.5,0.834,0.5,2.2,2.7,6.7,1.1,0.2,1.5,2.1,11.9
109,Zach Collins,C,25,SAS,63,26,22.9,4.5,8.7,0.518,0.9,2.3,0.374,3.6,6.4,0.571,0.568,1.7,2.3,0.761,1.8,4.5,6.4,2.9,0.6,0.8,2,3.2,11.6
110,Bruce Brown,SF,26,DEN,80,31,28.5,4.5,9.3,0.483,1.1,3.2,0.358,3.3,6.1,0.548,0.545,1.5,1.9,0.758,0.8,3.3,4.1,3.4,1.1,0.6,1.5,2.4,11.5
111,Naz Reid,C,23,MIN,68,11,18.4,4.6,8.5,0.537,1.1,3.2,0.346,3.5,5.3,0.653,0.602,1.3,1.9,0.677,1.1,3.8,4.9,1.1,0.6,0.8,1.4,2.6,11.5
112,Marcus Smart,PG,28,BOS,61,61,32.1,4.1,9.9,0.415,1.9,5.6,0.336,2.2,4.3,0.519,0.511,1.4,1.9,0.746,0.8,2.4,3.1,6.3,1.5,0.4,2.3,2.8,11.5
113,Max Strus,SF,26,MIA,80,33,28.4,4.1,9.9,0.41,2.5,7,0.35,1.6,2.8,0.559,0.535,1,1.1,0.876,0.6,2.6,3.2,2.1,0.5,0.2,0.9,2.1,11.5
114,Quentin Grimes,SG,22,NYK,71,66,29.9,4,8.5,0.468,2.2,5.7,0.386,1.8,2.7,0.641,0.599,1.1,1.4,0.796,0.7,2.5,3.2,2.1,0.7,0.4,1,2.5,11.3
115,Rui Hachimura,PF,24,TOT,63,9,23.3,4.5,9.3,0.486,0.8,2.5,0.319,3.7,6.7,0.55,0.53,1.4,1.9,0.739,0.8,3.7,4.5,0.9,0.3,0.4,0.8,1.1,11.2
116,Marcus Morris,PF,33,LAC,65,65,28.1,4.2,9.9,0.426,1.7,4.7,0.364,2.5,5.2,0.484,0.513,1,1.3,0.782,0.4,3.5,4,1.8,0.6,0.3,0.9,2.1,11.2
117,Corey Kispert,SF,23,WAS,74,45,28.3,3.9,7.9,0.497,2.2,5.2,0.424,1.7,2.7,0.637,0.637,1,1.2,0.852,0.4,2.4,2.8,1.2,0.4,0.1,0.7,1.3,11.1
118,Kentavious Caldwell-Pope,SG,29,DEN,76,76,31.3,3.8,8.3,0.462,1.8,4.2,0.423,2.1,4.1,0.502,0.569,1.4,1.6,0.824,0.5,2.3,2.7,2.4,1.5,0.5,1.1,1.9,10.8
119,Jaylen Nowell,SG,23,MIN,65,2,19.3,4.3,9.6,0.448,1,3.6,0.289,3.3,6,0.542,0.502,1.2,1.5,0.778,0.6,2.1,2.6,2,0.6,0.1,1,1.6,10.8
120,Mason Plumlee,C,32,TOT,79,60,26,4.2,6.1,0.68,0,0,,4.2,6.1,0.68,0.68,2.5,4,0.636,2.9,6,8.9,3.1,0.6,0.6,1.5,2.7,10.8
121,Ivica Zubac,C,25,LAC,76,76,28.6,4.3,6.8,0.634,0,0,0,4.3,6.7,0.637,0.634,2.2,3.1,0.697,3.1,6.8,9.9,1,0.4,1.3,1.5,2.9,10.8
122,Talen Horton-Tucker,SG,22,UTA,65,20,20.2,4,9.4,0.419,0.9,3.1,0.286,3.1,6.3,0.485,0.467,1.9,2.6,0.75,0.6,2.6,3.2,3.8,0.6,0.4,1.9,1.7,10.7
123,Grayson Allen,SG,27,MIL,72,70,27.4,3.4,7.7,0.44,2,5.1,0.399,1.4,2.7,0.518,0.571,1.6,1.8,0.905,0.8,2.4,3.3,2.3,0.9,0.2,1,1.6,10.4
124,Killian Hayes,PG,21,DET,76,56,28.3,4,10.7,0.377,1.1,3.8,0.28,3,7,0.429,0.426,1.2,1.5,0.821,0.4,2.5,2.9,6.2,1.4,0.4,2.3,2.9,10.3
125,Tyus Jones,PG,26,MEM,80,22,24.3,3.9,8.9,0.438,1.5,4.1,0.371,2.4,4.8,0.495,0.523,1,1.3,0.8,0.4,2.2,2.5,5.2,1,0.1,0.9,0.4,10.3
126,Monte Morris,PG,27,WAS,62,61,27.3,4,8.3,0.48,1.3,3.3,0.382,2.7,5,0.543,0.555,1,1.2,0.831,0.4,3,3.4,5.3,0.7,0.2,1,1.2,10.3
127,Malaki Branham,SG,19,SAS,66,32,23.5,4.1,9.3,0.44,1.2,3.9,0.302,2.9,5.4,0.539,0.503,0.9,1.1,0.829,0.4,2.3,2.7,1.9,0.5,0.1,1.2,1.7,10.2
128,Reggie Jackson,PG,32,TOT,68,40,24.4,3.9,9.4,0.411,1.4,4.2,0.333,2.5,5.2,0.474,0.486,1,1.1,0.91,0.4,1.8,2.1,3.4,0.7,0.1,1.7,1.7,10.2
129,Doug McDermott,SF,31,SAS,64,0,20.5,3.7,8.2,0.457,1.9,4.7,0.413,1.8,3.5,0.516,0.575,0.8,1.1,0.757,0.4,1.8,2.2,1.4,0.2,0.1,0.9,1.8,10.2
130,Patrick Williams,PF,21,CHI,82,65,28.3,3.8,8.3,0.464,1.4,3.4,0.415,2.4,4.9,0.498,0.549,1.1,1.3,0.857,1,3,4,1.2,0.9,0.9,1.2,1.8,10.2
131,De'Anthony Melton,SG,24,PHI,77,58,27.9,3.6,8.5,0.425,2,5.2,0.39,1.6,3.2,0.484,0.546,0.9,1.1,0.793,0.9,3.2,4.1,2.6,1.6,0.5,1.3,2.5,10.1
132,Aaron Nesmith,SF,23,IND,73,60,24.9,3.5,8.1,0.427,1.6,4.3,0.366,1.9,3.8,0.496,0.525,1.6,1.9,0.838,0.8,2.9,3.8,1.3,0.8,0.5,1,3.2,10.1
133,Josh Richardson,SG,29,TOT,65,10,23.5,3.7,8.5,0.431,1.6,4.5,0.365,2,4,0.506,0.528,1.1,1.2,0.852,0.6,2.1,2.7,2.7,1.1,0.3,1.3,1.8,10.1
134,Jonathan Kuminga,PF,20,GSW,67,16,20.8,3.9,7.4,0.525,0.8,2.2,0.37,3.1,5.2,0.59,0.579,1.3,2.1,0.652,1,2.4,3.4,1.9,0.6,0.5,1.4,2.3,9.9
135,Onyeka Okongwu,C,22,ATL,80,18,23.1,4,6.2,0.638,0.1,0.2,0.308,3.9,6.1,0.647,0.642,1.9,2.5,0.781,2.7,4.5,7.2,1,0.7,1.3,1,3.1,9.9
136,Shaedon Sharpe,SG,19,POR,80,15,22.2,3.8,8.1,0.472,1.3,3.5,0.36,2.6,4.6,0.559,0.551,0.9,1.3,0.714,0.8,2.2,3,1.2,0.5,0.3,1,1.7,9.9
137,Thomas Bryant,C,25,TOT,59,26,18.3,3.9,6.3,0.623,0.4,1,0.441,3.5,5.3,0.658,0.659,1.6,2.1,0.738,1.5,4.3,5.7,0.5,0.3,0.5,0.6,1.7,9.8
138,Josh Hart,SF,27,TOT,76,52,32.3,3.6,6.8,0.529,0.8,2.2,0.372,2.8,4.7,0.601,0.588,1.7,2.3,0.75,1.9,5.9,7.8,3.8,1.2,0.3,1.5,2.6,9.8
139,Al Horford,C,36,BOS,63,63,30.5,3.6,7.6,0.476,2.3,5.2,0.446,1.3,2.4,0.539,0.627,0.2,0.3,0.714,1.2,5,6.2,3,0.5,1,0.6,1.9,9.8
140,Herbert Jones,PF,24,NOP,66,66,29.6,3.6,7.6,0.469,0.8,2.5,0.335,2.7,5.1,0.536,0.525,1.9,2.4,0.764,1.5,2.6,4.1,2.5,1.6,0.6,1.3,3.2,9.8
141,Keita Bates-Diop,PF,27,SAS,67,42,21.7,3.5,6.9,0.508,0.8,2.1,0.394,2.7,4.8,0.557,0.568,1.8,2.2,0.793,1,2.7,3.7,1.5,0.7,0.3,0.8,0.9,9.7
142,Coby White,SG,22,CHI,74,2,23.4,3.6,8,0.443,1.7,4.6,0.372,1.8,3.4,0.54,0.551,0.8,0.9,0.871,0.2,2.6,2.9,2.8,0.7,0.1,1,1.6,9.7
143,Caleb Martin,SF,27,MIA,71,49,29.3,3.6,7.7,0.464,1.2,3.3,0.356,2.4,4.4,0.545,0.54,1.3,1.6,0.805,1.2,3.6,4.8,1.6,1,0.4,1.1,2,9.6
144,Isaiah Joe,SG,23,OKC,73,10,19.1,3.1,7,0.441,2.2,5.4,0.409,0.9,1.6,0.553,0.599,1.1,1.4,0.82,0.4,2,2.4,1.2,0.7,0.1,0.5,1.4,9.5
145,Andrew Nembhard,SG,23,IND,75,63,27.6,3.8,8.6,0.441,1.2,3.5,0.35,2.6,5.1,0.504,0.512,0.7,0.8,0.79,0.5,2.2,2.7,4.5,0.9,0.2,1.7,2.4,9.5
146,Kyle Anderson,PF,29,MIN,69,46,28.4,3.7,7.2,0.509,0.6,1.5,0.41,3,5.7,0.536,0.553,1.4,2,0.735,1,4.4,5.3,4.9,1.1,0.9,1.5,2.1,9.4
147,Chris Boucher,PF,30,TOR,76,0,20,3.4,7,0.493,0.8,2.5,0.328,2.6,4.5,0.585,0.552,1.7,2.2,0.762,2.1,3.5,5.5,0.4,0.6,0.8,0.5,1.9,9.4
148,Donte DiVincenzo,SG,26,GSW,72,36,26.3,3.3,7.5,0.435,2.1,5.3,0.397,1.2,2.3,0.525,0.574,0.8,1,0.817,1.1,3.4,4.5,3.5,1.3,0.1,1.6,1.8,9.4
149,Jalen McDaniels,SF,25,TOT,80,24,23.9,3.5,7.7,0.455,1,2.9,0.332,2.6,4.8,0.53,0.518,1.5,1.7,0.841,0.8,3.5,4.3,1.6,1,0.4,1.2,2.6,9.4
150,Jalen Smith,C,22,IND,68,31,18.8,3.6,7.5,0.476,0.8,2.8,0.283,2.8,4.7,0.593,0.53,1.5,2,0.759,1.9,3.9,5.8,1,0.3,0.9,1.1,2.3,9.4
151,Gabe Vincent,PG,26,MIA,68,34,25.9,3.4,8.3,0.402,1.7,5.1,0.334,1.6,3.2,0.512,0.505,1,1.1,0.872,0.4,1.7,2.1,2.5,0.9,0.1,1.4,2.3,9.4
152,Tari Eason,PF,21,HOU,82,5,21.5,3.6,8,0.448,0.7,2.1,0.343,2.9,6,0.486,0.493,1.3,1.8,0.752,2.4,3.7,6,1.1,1.2,0.6,1.2,2.3,9.3
153,Luke Kennard,SG,26,TOT,59,14,22.3,3.2,6.5,0.492,2.3,4.6,0.494,0.9,1.9,0.487,0.666,0.6,0.7,0.949,0.3,2.4,2.7,1.5,0.5,0.1,0.8,1.4,9.3
154,Deni Avdija,SF,22,WAS,76,40,26.6,3.3,7.6,0.437,0.9,3.1,0.297,2.4,4.6,0.53,0.497,1.6,2.2,0.739,1,5.4,6.4,2.8,0.9,0.4,1.6,2.8,9.2
155,Seth Curry,SG,32,BRK,61,7,19.9,3.4,7.4,0.463,1.5,3.8,0.405,1.9,3.6,0.525,0.568,0.8,0.9,0.927,0.2,1.4,1.6,1.6,0.6,0.1,0.8,1.6,9.2
156,Walker Kessler,C,21,UTA,74,40,23,4,5.6,0.72,0,0,0.333,4,5.6,0.723,0.721,1.1,2.1,0.516,3.1,5.3,8.4,0.9,0.4,2.3,0.8,2.3,9.2
157,Bol Bol,PF,23,ORL,70,33,21.5,3.7,6.8,0.546,0.4,1.6,0.265,3.3,5.2,0.633,0.577,1.2,1.5,0.759,1,4.8,5.8,1,0.4,1.2,1.6,1.3,9.1
158,Jalen Duren,C,19,DET,67,31,24.9,3.9,5.9,0.648,0,0,0,3.9,5.9,0.652,0.648,1.4,2.3,0.611,3.4,5.5,8.9,1.1,0.7,0.9,1.4,2.7,9.1
159,Josh Green,SG,22,DAL,60,21,25.7,3.4,6.4,0.537,1.1,2.8,0.402,2.3,3.6,0.643,0.626,1.1,1.6,0.723,0.9,2.1,3,1.7,0.7,0.1,1.2,2.6,9.1
160,Naji Marshall,SF,25,NOP,77,21,23.3,3.2,7.4,0.433,0.9,2.8,0.303,2.4,4.6,0.513,0.49,1.8,2.3,0.789,0.6,3,3.6,2.5,0.7,0.2,1.3,1.5,9.1
161,Santi Aldama,PF,22,MEM,77,20,21.8,3.2,6.8,0.47,1.2,3.5,0.353,2,3.4,0.591,0.56,1.4,1.9,0.75,1.1,3.7,4.8,1.3,0.6,0.6,0.8,1.9,9
162,Jose Alvarado,PG,24,NOP,61,10,21.5,3.3,8,0.411,1.4,4,0.336,1.9,4,0.488,0.496,1.1,1.3,0.813,0.5,1.9,2.3,3,1.1,0.2,1.3,2,9
163,Daniel Gafford,C,24,WAS,78,47,20.6,3.7,5.1,0.732,0,0,,3.7,5.1,0.732,0.732,1.6,2.4,0.679,2.1,3.5,5.6,1.1,0.4,1.3,1.1,2.4,9
164,AJ Griffin,SF,19,ATL,72,12,19.5,3.4,7.4,0.465,1.4,3.6,0.39,2,3.8,0.536,0.56,0.6,0.7,0.894,0.5,1.6,2.1,1,0.6,0.2,0.6,1.2,8.9
165,Terance Mann,SG,26,LAC,81,36,23.1,3.4,6.5,0.519,1,2.4,0.389,2.4,4,0.598,0.593,1.1,1.5,0.78,1,2.5,3.4,2.3,0.5,0.3,1,1.8,8.8
166,Royce O'Neale,SF,29,BRK,76,53,31.7,3,7.8,0.386,2.1,5.5,0.389,0.9,2.3,0.379,0.524,0.7,0.9,0.725,0.7,4.3,5.1,3.7,0.9,0.6,1.5,3.1,8.8
167,T.J. McConnell,PG,30,IND,75,6,20.3,3.8,6.9,0.543,0.3,0.8,0.441,3.4,6.2,0.556,0.568,0.8,0.9,0.853,0.6,2.5,3.1,5.3,1.1,0.1,1.9,1.4,8.7
168,Jordan Nwora,SF,24,TOT,62,14,19.2,3.1,7.2,0.436,1.4,3.4,0.408,1.7,3.8,0.462,0.533,1.1,1.4,0.791,0.8,2.9,3.7,1.4,0.4,0.2,1.1,1.2,8.7
169,Cedi Osman,SF,27,CLE,77,2,20.1,3.1,6.9,0.451,1.5,4.1,0.372,1.6,2.8,0.564,0.56,1,1.4,0.694,0.3,2,2.3,1.5,0.5,0.1,0.7,1.6,8.7
170,Ayo Dosunmu,SG,23,CHI,80,51,26.2,3.5,7.1,0.493,0.7,2.4,0.312,2.8,4.8,0.583,0.545,0.8,1,0.805,0.6,2.2,2.8,2.6,0.8,0.3,1.2,2.3,8.6
171,Draymond Green,PF,32,GSW,73,73,31.5,3.4,6.5,0.527,0.5,1.8,0.305,2.9,4.7,0.612,0.57,1.1,1.5,0.713,0.9,6.3,7.2,6.8,1,0.8,2.8,3.1,8.5
172,Shake Milton,SG,26,PHI,76,11,20.6,3.2,6.6,0.479,0.7,1.9,0.378,2.4,4.7,0.521,0.535,1.3,1.5,0.853,0.5,2,2.5,3.2,0.3,0.2,1.2,1.6,8.4
173,Dorian Finney-Smith,PF,29,TOT,66,66,30.4,3,7.6,0.391,1.7,5.1,0.337,1.2,2.5,0.503,0.505,0.7,0.9,0.763,1.7,3.1,4.8,1.5,0.8,0.5,0.9,2.2,8.3
174,Terrence Ross,SG,31,TOT,63,9,21.1,3.2,7.4,0.43,1.5,4.1,0.368,1.7,3.3,0.507,0.532,0.4,0.5,0.794,0.3,2.1,2.4,1.5,0.6,0.2,0.7,1.5,8.3
175,Damion Lee,SG,30,PHO,74,5,20.4,2.7,6.1,0.442,1.5,3.3,0.445,1.2,2.8,0.439,0.564,1.3,1.4,0.904,0.5,2.5,3,1.3,0.4,0.1,1.1,1.6,8.2
176,Kevin Love,PF,34,TOT,62,20,20,2.7,6.8,0.389,1.6,4.8,0.334,1.1,2.1,0.516,0.506,1.3,1.5,0.879,1,5.5,6.4,1.9,0.3,0.2,1.1,1.6,8.2
177,Georges Niang,PF,29,PHI,78,1,19.4,2.8,6.4,0.442,2,4.9,0.401,0.9,1.5,0.576,0.596,0.5,0.6,0.867,0.2,2.1,2.4,1,0.4,0.2,0.7,1.9,8.2
178,Nick Richards,C,25,CHO,65,9,18.7,3,4.8,0.629,0,0,1,3,4.8,0.628,0.631,2.1,2.8,0.749,2.3,4.1,6.4,0.6,0.2,1.1,0.9,2.4,8.2
179,Grant Williams,PF,24,BOS,79,23,25.9,2.7,6,0.454,1.5,3.7,0.395,1.3,2.3,0.546,0.575,1.2,1.5,0.77,1.1,3.5,4.6,1.7,0.5,0.4,1,2.4,8.1
180,Jevon Carter,PG,27,MIL,81,39,22.3,3,7,0.423,1.8,4.2,0.421,1.2,2.8,0.425,0.549,0.4,0.5,0.816,0.4,2.1,2.5,2.4,0.8,0.4,1,2,8
181,Ochai Agbaji,SG,22,UTA,59,22,20.5,2.8,6.5,0.427,1.4,3.9,0.355,1.4,2.7,0.532,0.532,0.9,1.2,0.812,0.7,1.3,2.1,1.1,0.3,0.3,0.7,1.7,7.9
182,Jarred Vanderbilt,PF,23,TOT,78,65,24.1,3.2,5.8,0.548,0.4,1.2,0.322,2.8,4.6,0.604,0.58,1.2,1.8,0.691,2.2,5.3,7.5,2.4,1.1,0.3,1.2,2.4,7.9
183,Tre Mann,PG,21,OKC,67,5,17.7,2.9,7.5,0.393,1.2,3.8,0.315,1.7,3.6,0.475,0.474,0.6,0.8,0.764,0.4,1.9,2.3,1.8,0.6,0.2,0.9,1.5,7.7
184,Pat Connaughton,SF,30,MIL,61,33,23.7,2.7,6.9,0.392,1.8,5.3,0.339,0.9,1.6,0.566,0.521,0.4,0.7,0.659,0.8,3.8,4.6,1.3,0.6,0.2,0.5,1.1,7.6
185,Joe Harris,SF,31,BRK,74,33,20.6,2.7,5.9,0.457,1.9,4.5,0.426,0.8,1.4,0.551,0.618,0.2,0.4,0.643,0.3,1.9,2.2,1.4,0.5,0.2,0.6,1.9,7.6
186,Trey Lyles,PF,27,SAC,74,0,16.9,2.5,5.5,0.458,1.2,3.2,0.363,1.4,2.3,0.595,0.565,1.4,1.7,0.815,0.9,3.1,4.1,0.9,0.4,0.4,0.9,1.3,7.6
187,Torrey Craig,PF,32,PHO,79,60,24.7,2.9,6.3,0.456,1.3,3.2,0.395,1.6,3.1,0.518,0.556,0.4,0.6,0.711,1.8,3.6,5.4,1.5,0.6,0.8,0.9,2.3,7.4
188,Devonte' Graham,PG,27,TOT,73,8,18.3,2.2,5.9,0.374,1.6,4.6,0.352,0.6,1.3,0.452,0.512,1.3,1.8,0.748,0.3,1.4,1.7,2.7,0.6,0.2,0.7,1.1,7.4
189,Mitchell Robinson,C,24,NYK,59,58,27,3.2,4.7,0.671,0,0,,3.2,4.7,0.671,0.671,1,2.1,0.484,4.5,4.9,9.4,0.9,0.9,1.8,0.7,2.7,7.4
190,Obi Toppin,PF,24,NYK,67,5,15.7,2.8,6.3,0.446,1.3,3.7,0.344,1.5,2.6,0.593,0.548,0.6,0.7,0.809,0.4,2.4,2.8,1,0.3,0.2,0.6,1,7.4
191,Trendon Watford,PF,22,POR,62,12,19.1,2.9,5.2,0.56,0.4,1,0.391,2.5,4.2,0.602,0.599,1.2,1.6,0.72,0.7,3.2,3.8,2.1,0.5,0.2,1.1,1.9,7.4
192,Josh Okogie,SG,24,PHO,72,26,18.8,2.3,5.8,0.391,0.9,2.7,0.335,1.3,3,0.442,0.471,1.9,2.7,0.724,1.5,2,3.5,1.5,0.8,0.5,0.9,1.6,7.3
193,Reggie Bullock,SF,31,DAL,78,55,30.3,2.5,6,0.409,1.9,5.1,0.38,0.5,0.9,0.562,0.569,0.3,0.5,0.703,0.4,3.2,3.6,1.4,0.7,0.2,0.5,2.1,7.2
194,Isaiah Jackson,C,21,IND,63,12,16.5,2.8,5,0.563,0,0.2,0.143,2.8,4.8,0.582,0.566,1.5,2.3,0.651,1.8,2.7,4.5,0.8,0.5,1.5,0.8,2.4,7.2
195,Troy Brown Jr.,SF,23,LAL,76,45,24.5,2.6,6.1,0.43,1.4,3.7,0.381,1.2,2.4,0.505,0.545,0.4,0.5,0.872,0.8,3.2,4.1,1.3,0.8,0.2,0.6,1.6,7.1
196,Kendrick Nunn,SG,27,TOT,70,2,13.8,2.7,6.4,0.424,1.1,3.2,0.354,1.6,3.2,0.493,0.512,0.5,0.6,0.854,0.2,1.3,1.6,1.3,0.4,0.1,0.9,0.9,7.1
197,Kevon Looney,C,26,GSW,82,70,23.9,3,4.7,0.63,0,0,0,3,4.7,0.632,0.63,1.1,1.9,0.606,3.3,5.9,9.3,2.5,0.6,0.6,0.5,2.7,7
198,Xavier Tillman Sr.,C,24,MEM,61,29,19.3,3.1,5,0.614,0.1,0.2,0.267,3,4.8,0.632,0.621,0.8,1.5,0.551,2,3,5,1.6,1,0.5,0.7,1.6,7
199,Cory Joseph,PG,31,DET,62,2,19.8,2.4,5.7,0.427,1.1,2.9,0.389,1.3,2.8,0.468,0.527,0.9,1.2,0.792,0.3,1.4,1.7,3.5,0.5,0.1,0.9,1.4,6.9
200,Larry Nance Jr.,C,30,NOP,65,1,21.2,2.9,4.7,0.61,0.2,0.6,0.333,2.6,4,0.654,0.633,0.8,1.2,0.696,1.6,3.8,5.4,1.8,0.9,0.6,0.6,2,6.8
201,Aaron Wiggins,SG,24,OKC,70,14,18.5,2.7,5.2,0.512,0.7,1.7,0.393,2,3.4,0.573,0.579,0.8,1,0.831,1,2,3,1.1,0.6,0.2,0.8,1.6,6.8
202,Terence Davis,SG,25,SAC,64,5,13.1,2.4,5.7,0.423,1.4,3.8,0.366,1,1.9,0.537,0.545,0.5,0.7,0.791,0.3,1.9,2.2,1,0.7,0.2,0.8,1.6,6.7
203,Anthony Lamb,SF,25,GSW,62,4,19.3,2.4,5.1,0.471,1.2,3.2,0.367,1.2,1.9,0.652,0.588,0.7,1,0.767,0.9,2.6,3.5,1.5,0.5,0.3,0.9,2.2,6.7
204,Dwight Powell,C,31,DAL,76,64,19.2,2.6,3.5,0.732,0,0.1,0,2.6,3.5,0.746,0.732,1.5,2.2,0.667,2,2.2,4.1,0.9,0.6,0.3,0.9,2.8,6.7
205,David Roddy,PF,21,MEM,70,4,18,2.6,6,0.429,0.9,3,0.307,1.6,3,0.553,0.506,0.6,0.9,0.631,0.7,2,2.8,0.8,0.4,0.3,0.8,1.5,6.7
206,Drew Eubanks,C,25,POR,78,28,20.3,2.7,4.3,0.641,0.1,0.2,0.389,2.7,4.1,0.655,0.651,1.1,1.6,0.664,1.7,3.7,5.4,1.3,0.5,1.3,0.9,2.2,6.6
207,Jordan Goodwin,PG,24,WAS,62,7,17.8,2.5,5.7,0.448,0.6,1.9,0.322,1.9,3.8,0.511,0.501,0.9,1.1,0.768,0.9,2.4,3.3,2.7,0.9,0.4,0.9,1.5,6.6
208,Kevin Knox,SF-PF,23,TOT,63,5,15.1,2.4,5.3,0.458,1,3,0.349,1.4,2.3,0.596,0.556,0.7,1,0.767,0.5,2.3,2.8,0.5,0.4,0.2,0.8,1.5,6.6
209,Jock Landale,C,27,PHO,69,4,14.2,2.6,4.9,0.528,0.3,1.2,0.25,2.3,3.7,0.621,0.559,1.1,1.5,0.752,1.7,2.3,4.1,1,0.2,0.4,0.9,1.8,6.6
210,Sam Hauser,SF,25,BOS,80,8,16.1,2.3,5,0.455,1.8,4.2,0.418,0.5,0.8,0.656,0.631,0.2,0.2,0.706,0.4,2.1,2.6,0.9,0.4,0.3,0.4,1.2,6.4
211,Isaac Okoro,SF,22,CLE,76,46,21.7,2.3,4.7,0.494,0.8,2.3,0.363,1.5,2.4,0.617,0.582,1,1.4,0.757,0.7,1.8,2.5,1.1,0.7,0.4,0.6,2.1,6.4
212,Goran Dragić,PG,36,TOT,58,0,15,2.4,5.8,0.421,0.9,2.5,0.359,1.5,3.3,0.468,0.499,0.5,0.8,0.689,0.3,1.1,1.4,2.6,0.2,0.1,1.1,1.1,6.3
213,Nickeil Alexander-Walker,SG,24,TOT,59,3,15,2.2,5,0.444,1,2.7,0.384,1.2,2.3,0.515,0.547,0.7,1,0.667,0.3,1.5,1.7,1.8,0.5,0.4,0.9,1.5,6.2
214,Patrick Beverley,SG-PG,34,TOT,67,67,27.1,2.1,5.4,0.4,1.2,3.6,0.335,1,1.8,0.529,0.511,0.7,1,0.723,0.7,3,3.7,2.9,0.9,0.6,0.9,2.8,6.2
215,Nicolas Batum,PF,34,LAC,78,19,21.9,2.1,4.9,0.42,1.6,4.1,0.391,0.5,0.8,0.563,0.583,0.4,0.6,0.708,0.8,3,3.8,1.6,0.7,0.6,0.6,1.9,6.1
216,Oshae Brissett,PF,24,IND,65,2,16.7,1.9,4.9,0.386,0.7,2.4,0.31,1.2,2.5,0.457,0.461,1.6,2.2,0.717,1,2.4,3.4,0.7,0.5,0.2,0.5,1.2,6.1
217,Mike Muscala,C,31,TOT,63,9,15,2.1,4.6,0.449,1.3,3.3,0.391,0.8,1.3,0.588,0.587,0.6,0.8,0.769,0.6,2.6,3.2,0.8,0.2,0.4,0.4,1.6,6.1
218,Andre Drummond,C,29,CHI,67,0,12.7,2.5,4.1,0.606,0,0,0,2.5,4,0.613,0.606,1,1.9,0.536,2.1,4.6,6.6,0.5,0.7,0.4,1.1,1.7,6
219,Josh Christopher,SG,21,HOU,64,2,12.3,2.4,5.1,0.465,0.3,1.4,0.236,2.1,3.8,0.55,0.497,0.7,0.9,0.75,0.3,0.8,1.1,1.1,0.5,0.2,0.9,0.9,5.8
220,Alex Caruso,PG,28,CHI,67,36,23.5,1.9,4.3,0.455,0.8,2.3,0.364,1.1,2,0.556,0.551,0.9,1.1,0.808,0.6,2.3,2.9,2.9,1.5,0.7,1.1,2.4,5.6
221,Jalen Johnson,SF,21,ATL,70,6,14.9,2.3,4.6,0.491,0.4,1.5,0.288,1.8,3.1,0.587,0.537,0.7,1.1,0.628,0.7,3.3,4,1.2,0.5,0.5,0.6,1.6,5.6
222,Davion Mitchell,PG,24,SAC,80,9,18.1,2.3,5,0.454,0.8,2.5,0.32,1.5,2.5,0.584,0.533,0.3,0.4,0.806,0.2,1.1,1.3,2.3,0.6,0.2,0.8,1.4,5.6
223,Yuta Watanabe,SF,28,BRK,58,1,16,2,4,0.491,1,2.3,0.444,0.9,1.7,0.557,0.621,0.6,0.8,0.723,0.5,1.9,2.4,0.8,0.4,0.3,0.4,1.4,5.6
224,Wenyen Gabriel,C,25,LAL,68,2,15.1,2.3,3.8,0.596,0.1,0.5,0.278,2.1,3.3,0.647,0.615,0.8,1.2,0.619,1.7,2.5,4.2,0.5,0.4,0.5,0.7,2.1,5.5
225,Lamar Stevens,SF,25,CLE,62,25,18.1,2.1,4.6,0.448,0.5,1.5,0.316,1.6,3.1,0.513,0.5,0.6,0.9,0.702,0.8,2.6,3.3,0.5,0.4,0.3,0.4,1.3,5.3
226,John Konchar,SF,26,MEM,72,23,20.8,1.9,4.4,0.431,0.8,2.5,0.339,1.1,2,0.545,0.525,0.4,0.5,0.778,0.9,3.4,4.3,1.4,1.1,0.3,0.5,1.6,5.1
227,Vlatko Čančar,PF,25,DEN,60,9,14.8,1.8,3.8,0.476,0.7,1.9,0.374,1.1,1.9,0.58,0.57,0.6,0.7,0.927,0.4,1.7,2.1,1.3,0.4,0.2,0.6,1.4,5
228,Isaiah Hartenstein,C,24,NYK,82,8,19.8,2.1,4,0.535,0.1,0.5,0.216,2,3.5,0.576,0.547,0.6,0.9,0.676,2.5,4,6.5,1.2,0.6,0.8,0.8,2.6,5
229,Derrick Jones Jr.,PF,25,CHI,64,0,14,1.8,3.6,0.5,0.4,1.3,0.338,1.4,2.3,0.587,0.559,1,1.3,0.738,0.9,1.5,2.4,0.5,0.5,0.6,0.4,1.3,5
230,Chimezie Metu,PF,25,SAC,66,0,10.4,2,3.3,0.589,0.1,0.6,0.237,1.8,2.7,0.663,0.61,0.8,1.1,0.74,0.7,2.3,3,0.6,0.3,0.3,0.5,1.2,4.9
231,Moses Moody,SG,20,GSW,63,3,13,1.7,3.6,0.476,0.8,2.1,0.363,0.9,1.5,0.641,0.584,0.6,0.8,0.698,0.4,1.2,1.7,0.8,0.3,0.1,0.5,0.9,4.8
232,Christian Braun,SG,21,DEN,76,6,15.5,1.9,3.8,0.495,0.4,1.3,0.354,1.4,2.5,0.565,0.554,0.5,0.8,0.625,0.6,1.8,2.4,0.8,0.5,0.2,0.5,1.3,4.7
233,Bismack Biyombo,C,30,PHO,61,14,14.3,2,3.4,0.578,0,0,,2,3.4,0.578,0.578,0.4,1.1,0.357,1.5,2.8,4.3,0.9,0.3,1.4,0.8,1.9,4.3
234,Paul Reed,C,23,PHI,69,2,10.9,1.8,3,0.593,0,0.1,0.167,1.8,2.9,0.606,0.596,0.6,0.7,0.745,1.6,2.2,3.8,0.4,0.7,0.7,0.7,1.8,4.2
235,Ish Wainright,SF,28,PHO,60,2,15.3,1.4,3.8,0.37,1,2.9,0.329,0.5,0.9,0.5,0.496,0.4,0.5,0.839,0.8,1.6,2.3,0.9,0.6,0.4,0.4,2,4.2
236,Matisse Thybulle,SF-SG,25,TOT,71,28,16.9,1.5,3.6,0.435,0.8,2.1,0.365,0.8,1.5,0.533,0.542,0.3,0.4,0.679,0.6,1.4,2,0.7,1.2,0.5,0.3,1.6,4.1
237,Aaron Holiday,PG,26,ATL,63,6,13.4,1.5,3.5,0.418,0.6,1.4,0.409,0.9,2.1,0.424,0.5,0.4,0.5,0.844,0.4,0.8,1.2,1.4,0.6,0.2,0.6,1.3,3.9
238,Dyson Daniels,PG,19,NOP,59,11,17.7,1.5,3.5,0.418,0.5,1.5,0.314,1,2.1,0.492,0.483,0.4,0.7,0.65,0.6,2.6,3.2,2.3,0.7,0.2,1,1.7,3.8
239,Luke Kornet,C,27,BOS,69,0,11.7,1.6,2.5,0.665,0,0.2,0.231,1.6,2.3,0.701,0.674,0.5,0.6,0.821,1.2,1.6,2.9,0.8,0.2,0.7,0.4,1.2,3.8
240,JT Thor,PF,20,CHO,69,8,14,1.4,3.4,0.399,0.6,1.8,0.317,0.8,1.7,0.487,0.481,0.5,0.7,0.702,0.5,1.7,2.2,0.5,0.3,0.3,0.6,1,3.8
241,Miles McBride,PG,22,NYK,64,2,11.9,1.2,3.4,0.358,0.6,2.1,0.299,0.6,1.3,0.457,0.451,0.4,0.7,0.667,0.2,0.6,0.8,1.1,0.6,0.1,0.4,0.9,3.5
242,P.J. Tucker,PF,37,PHI,75,75,25.6,1.3,3,0.427,0.7,1.9,0.393,0.5,1.1,0.482,0.549,0.3,0.3,0.826,1.3,2.7,3.9,0.8,0.5,0.2,0.6,2.4,3.5
243,Anthony Gill,PF,30,WAS,59,8,10.6,1.2,2.2,0.538,0.1,0.5,0.138,1.1,1.7,0.65,0.553,0.8,1.1,0.731,0.6,1.1,1.7,0.6,0.1,0.2,0.3,1.2,3.3
244,Christian Koloko,C,22,TOR,58,19,13.8,1.2,2.6,0.48,0,0.2,0.083,1.2,2.4,0.514,0.483,0.6,1,0.627,1.4,1.5,2.9,0.5,0.4,1,0.3,2.2,3.1
245,Usman Garuba,C,20,HOU,75,1,12.9,1.1,2.4,0.486,0.3,0.8,0.407,0.8,1.6,0.525,0.554,0.4,0.6,0.617,1.6,2.5,4.1,0.9,0.6,0.4,0.6,1.8,3